{"cameraMode":{"drawMode":0,"name":"Shaded","section":"Shading Mode"},"sceneLighting":false,"audioPlay":false,"sceneViewState":{"m_AlwaysRefresh":false,"showFog":true,"showSkybox":false,"showFlares":true,"showImageEffects":true,"showParticleSystems":true,"showVisualEffectGraphs":true,"m_FxEnabled":true},"in2DMode":false,"pivot":{"x":-0.05331689119338989,"y":9.626620292663575,"z":2.7847719192504885},"rotation":{"x":-0.0020820859353989364,"y":-0.9929046630859375,"z":0.11760734021663666,"w":-0.017579976469278337},"size":5.459473609924316,"orthographic":false}