{"cameraMode":{"drawMode":0,"name":"Shaded","section":"Shading Mode"},"sceneLighting":false,"audioPlay":false,"sceneViewState":{"m_AlwaysRefresh":false,"showFog":true,"showSkybox":false,"showFlares":true,"showImageEffects":true,"showParticleSystems":true,"showVisualEffectGraphs":true,"m_FxEnabled":true},"in2DMode":false,"pivot":{"x":446.80499267578127,"y":21.911256790161134,"z":274.5628356933594},"rotation":{"x":-0.2671930491924286,"y":-0.22490020096302033,"z":0.06428247690200806,"w":-0.9348300099372864},"size":15.729696273803711,"orthographic":false}