{"cameraMode":{"drawMode":0,"name":"Shaded","section":"Shading Mode"},"sceneLighting":false,"audioPlay":false,"sceneViewState":{"m_AlwaysRefresh":false,"showFog":true,"showSkybox":false,"showFlares":true,"showImageEffects":true,"showParticleSystems":true,"showVisualEffectGraphs":true,"m_FxEnabled":true},"in2DMode":false,"pivot":{"x":-0.671501636505127,"y":-2.2715871334075929,"z":4.735062122344971},"rotation":{"x":0.17217205464839936,"y":0.29544344544410708,"z":-0.054210226982831958,"w":0.9381647109985352},"size":6.9401164054870609,"orthographic":false}