{"cameraMode":{"drawMode":0,"name":"Shaded","section":"Shading Mode"},"sceneLighting":true,"audioPlay":false,"sceneViewState":{"m_AlwaysRefresh":false,"showFog":true,"showSkybox":true,"showFlares":true,"showImageEffects":true,"showParticleSystems":true,"showVisualEffectGraphs":true,"m_FxEnabled":true},"in2DMode":false,"pivot":{"x":-12.072918891906739,"y":-3.3946914672851564,"z":-88.79570007324219},"rotation":{"x":-0.5173396468162537,"y":0.019757529720664026,"z":-0.011951688677072525,"w":-0.8554750084877014},"size":21.148221969604493,"orthographic":false}