{"cameraMode":{"drawMode":0,"name":"Shaded","section":"Shading Mode"},"sceneLighting":false,"audioPlay":false,"sceneViewState":{"m_AlwaysRefresh":false,"showFog":false,"showSkybox":false,"showFlares":false,"showImageEffects":false,"showParticleSystems":false,"showVisualEffectGraphs":true,"m_FxEnabled":true},"in2DMode":false,"pivot":{"x":-0.4121527373790741,"y":2.6013402938842775,"z":0.22590255737304688},"rotation":{"x":0.08346311748027802,"y":-0.9165186285972595,"z":0.27989983558654787,"w":0.2732977271080017},"size":1.488717794418335,"orthographic":false}