{"cameraMode":{"drawMode":0,"name":"Shaded","section":"Shading Mode"},"sceneLighting":false,"audioPlay":false,"sceneViewState":{"m_AlwaysRefresh":false,"showFog":true,"showSkybox":false,"showFlares":true,"showImageEffects":true,"showParticleSystems":true,"showVisualEffectGraphs":true,"m_FxEnabled":true},"in2DMode":false,"pivot":{"x":-11.828296661376954,"y":2.178394317626953,"z":-76.73609924316406},"rotation":{"x":0.00984503235667944,"y":-0.7038572430610657,"z":0.00968282949179411,"w":0.7102500796318054},"size":0.46615540981292727,"orthographic":false}