{"cameraMode":{"drawMode":0,"name":"Shaded","section":"Shading Mode"},"sceneLighting":false,"audioPlay":false,"sceneViewState":{"m_AlwaysRefresh":false,"showFog":true,"showSkybox":false,"showFlares":true,"showImageEffects":true,"showParticleSystems":true,"showVisualEffectGraphs":true,"m_FxEnabled":true},"in2DMode":false,"pivot":{"x":-4.372845649719238,"y":16.182628631591798,"z":252.23817443847657},"rotation":{"x":0.28058138489723208,"y":0.002881144406273961,"z":-0.0008367560803890228,"w":0.9598382115364075},"size":15.663188934326172,"orthographic":false}