{"cameraMode":{"drawMode":0,"name":"Shaded","section":"Shading Mode"},"sceneLighting":false,"audioPlay":false,"sceneViewState":{"m_AlwaysRefresh":false,"showFog":false,"showSkybox":false,"showFlares":false,"showImageEffects":false,"showParticleSystems":false,"showVisualEffectGraphs":true,"m_FxEnabled":true},"in2DMode":false,"pivot":{"x":-0.8611857295036316,"y":1.2633548974990845,"z":0.34194427728652956},"rotation":{"x":0.2677503526210785,"y":0.11327343434095383,"z":-0.0317092090845108,"w":0.9562872052192688},"size":0.35413461923599245,"orthographic":false}