{"cameraMode":{"drawMode":0,"name":"Shaded","section":"Shading Mode"},"sceneLighting":false,"audioPlay":false,"sceneViewState":{"m_AlwaysRefresh":false,"showFog":true,"showSkybox":false,"showFlares":true,"showImageEffects":true,"showParticleSystems":true,"showVisualEffectGraphs":true,"m_FxEnabled":true},"in2DMode":false,"pivot":{"x":433.7947692871094,"y":16.452491760253908,"z":86.12698364257813},"rotation":{"x":0.04994269460439682,"y":0.5976345539093018,"z":-0.037338562309741977,"w":0.7993426322937012},"size":24.467561721801759,"orthographic":false}