{"cameraMode":{"drawMode":0,"name":"Shaded","section":"Shading Mode"},"sceneLighting":false,"audioPlay":false,"sceneViewState":{"m_AlwaysRefresh":false,"showFog":true,"showSkybox":false,"showFlares":true,"showImageEffects":true,"showParticleSystems":true,"showVisualEffectGraphs":true,"m_FxEnabled":true},"in2DMode":false,"pivot":{"x":-44.659664154052737,"y":-0.2473468780517578,"z":290.5428771972656},"rotation":{"x":-0.22979862987995149,"y":0.01517394557595253,"z":-0.003583755111321807,"w":-0.9731172323226929},"size":39.98209762573242,"orthographic":false}