{"cameraMode":{"drawMode":0,"name":"Shaded","section":"Shading Mode"},"sceneLighting":true,"audioPlay":false,"sceneViewState":{"m_AlwaysRefresh":false,"showFog":true,"showSkybox":true,"showFlares":true,"showImageEffects":true,"showParticleSystems":true,"showVisualEffectGraphs":true,"m_FxEnabled":true},"in2DMode":false,"pivot":{"x":-10.41136360168457,"y":-32.35758972167969,"z":104.08209228515625},"rotation":{"x":0.13192233443260194,"y":0.008048961870372296,"z":-0.0011048158630728722,"w":0.9912540912628174},"size":113.09429168701172,"orthographic":false}